{"cameraMode":{"drawMode":0,"name":"Shaded","section":"Shading Mode"},"sceneLighting":true,"audioPlay":false,"sceneViewState":{"showFog":false,"showMaterialUpdate":false,"showSkybox":true,"showFlares":true,"showImageEffects":true,"showParticleSystems":true},"in2DMode":false,"pivot":{"x":362.3400573730469,"y":61.958343505859378,"z":150.89166259765626},"rotation":{"x":-0.17643512785434724,"y":0.6229517459869385,"z":-0.14730672538280488,"w":-0.7478411793708801},"size":31.8525333404541,"orthographic":false}