{"cameraMode":{"drawMode":0,"name":"Shaded","section":"Shading Mode"},"sceneLighting":true,"audioPlay":false,"sceneViewState":{"m_AlwaysRefresh":false,"showFog":false,"showSkybox":true,"showFlares":true,"showImageEffects":true,"showParticleSystems":true,"showVisualEffectGraphs":true,"m_FxEnabled":true},"in2DMode":false,"pivot":{"x":282.12835693359377,"y":25.199615478515626,"z":252.56570434570313},"rotation":{"x":-0.09517595171928406,"y":0.43247780203819277,"z":-0.04601734131574631,"w":-0.8955961465835571},"size":35.77616882324219,"orthographic":false}